therapy	TCGA-CESC	TCGA-HNSC	TCGA-LUSC	TCGA-BRCA	TCGA-ACC	TCGA-BLCA	TCGA-CHOL	TCGA-COAD	TCGA-DLBC	TCGA-ESCA	TCGA-GBM	TCGA-KICH	TCGA-KIRC	TCGA-KIRP	TCGA-LGG	TCGA-LIHC	TCGA-LUAD	TCGA-MESO	TCGA-OV	TCGA-PAAD	TCGA-PRAD	TCGA-READ	TCGA-SARC	TCGA-SKCM	TCGA-STAD	TCGA-TGCT	TCGA-THCA	TCGA-THYM	TCGA-UCEC	TCGA-UCS	TCGA-UVM
cisplatin	103	64	1														2	2		1			1		2			1	4		
carboplatin,paclitaxel	5	26	14	1		2				3							19		66						1				108	17	
5-fluorouracil,cisplatin	5	2								1															5						
carboplatin	3	6	3														2		5							3			3	3	
carboplatin,cisplatin,paclitaxel	3		1																15									1	5	2	
cisplatin,gemcitabine	3		9			49	3									2	2	1					1								
paclitaxel	2	1		2													3												3	1	
5-fluorouracil,amifostine,cisplatin	1																														
erbitux	1	9																													
cisplatin,paclitaxel,topotecan-hcl	1																														
cisplatin,paclitaxel	1		1							1							1		13												
carboplatin,gemcitabine,irinotecan,paclitaxel	1																														
carboplatin,gemcitabine,vinorelbine,xeloda	1																														
5-fluorouracil,carboplatin,cisplatin,paclitaxel	1																														
carboplatin,cyclophosphamide,doxorubicin	1																												1		
bleomycin,cisplatin,hydrocortisone,mitomycin-c,vincristine	1																														
bleomycin,carboplatin,doxorubicin,gemcitabine	1																														
avastin,carboplatin,cisplatin,paclitaxel	1																														
aloxi,cisplatin	1																														
topotecan	1																														
cisplatin,vectibix		5																													
carboplatin,erbitux,paclitaxel		4																	1												
cisplatin,erbitux		3																													
carboplatin,cisplatin,erbitux,paclitaxel		3																	1												
carboplatin,cisplatin		2																													
docetaxel,erbitux		2																													
docetaxel,erbitux,px-866		1																													
erbitux,everolimus		1																													
erbitux,paclitaxel		1																													
cisplatin,hsc-vaccine-injection,vorinostat,xeloda		1																													
cisplatin,erbitux,paclitaxel		1																													
cisplatin,erbitux,eribulin		1																													
methotrexate		1																													
cisplatin,docetaxel,xeloda		1																													
cisplatin,docetaxel,gemcitabine,oxaliplatin		1				1																									
cisplatin,docetaxel		1	10														8														
5-fluorouracil,carboplatin,cisplatin,docetaxel,erbitux,paclitaxel		1																													
carboplatin,iressa		1																													
carboplatin,lapatinib,paclitaxel		1																													
carboplatin,irinotecan,paclitaxel		1																													
5-fluorouracil,carboplatin,erbitux,paclitaxel		1																													
carboplatin,gemcitabine,methotrexate		1																													
carboplatin,docetaxel,erbitux,methotrexate,paclitaxel		1																													
carboplatin,docetaxel		1	3	2															4										4		
carboplatin,cisplatin,xeloda,zometa		1																													
carboplatin,cisplatin,vectibix		1																													
carboplatin,cisplatin,pemetrexed		1															6	1													
carboplatin,cisplatin,erbitux		1																													
carboplatin,cisplatin,docetaxel,rigosertib		1																													
bevacizumab,carboplatin,cisplatin,docetaxel,imc-a12,oxaliplatin,paclitaxel,pemetrexed		1																													
at-101,carboplatin,docetaxel,erbitux		1																													
[not-available],carboplatin,erbitux,methotrexate,paclitaxel,pemetrexed,xeloda		1																													
5-fluorouracil,cisplatin,docetaxel		1																							1						
cisplatin,vinorelbine			21														12														
carboplatin,vinorelbine			8														1														
cisplatin,etoposide			7														9									4		2			
carboplatin,gemcitabine			5			14				1							2		3												
cisplatin,pemetrexed			3														15	14													
cisplatin,docetaxel,gemcitabine			2			1																									
carboplatin,gemcitabine,paclitaxel			2							1							2		8										1		
carboplatin,cisplatin,vinorelbine			2																												
carboplatin,docetaxel,gemcitabine			2																												
carboplatin,docetaxel,paclitaxel			2																8										3	2	
gemcitabine			2			4	4						1			2	2			61	1		2								
cisplatin,etoposide,zoledronic-acid			1																												
cisplatin,mithramycin,vincristine			1																												
[not-available],cisplatin,vinorelbine			1																												
cisplatin,tarceva,vinorelbine			1																												
cisplatin,docetaxel,vinorelbine			1																												
docetaxel			1	2													1						1								
docetaxel,gemcitabine			1																				14								
eloxatin			1																						1						
gemcitabine,tarceva,vinorelbine			1														1														
iressa-placebo-vs.-drug			1																												
paclitaxel,tarceva			1																												
recmage3-as+as15-asci,placebo-vaccine			1																												
recprame+as15			1																												
tarceva			1														7														
clinical-trial,gemcitabine,rec-mage3-as+as15-asci-vs-placebo			1																												
chemo,-nos			1	1													3			2									1		
cisplatin,docetaxel,gemcitabine,vinorelbine			1																												
cisplatin,docetaxel,etoposide,zoledronic-acid			1																												
azd6244,carboplatin,docetaxel,gemcitabine,mk2206,paclitaxel,tarceva,vinorelbine			1																												
carboplatin,cav-trial,docetaxel,etoposide,irinotecan,vp-16			1																												
carboplatin,ccnu,cisplatin,cytoxan,doxorubicin,etoposide,vincristine			1																												
carboplatin,cisplatin,docetaxel,erbitux,gemcitabine,paclitaxel,pemetrexed,vinorelbine			1																												
carboplatin,cisplatin,docetaxel,erbitux,gemcitabine,paclitaxel,vinorelbine			1																												
carboplatin,cisplatin,docetaxel,gemcitabine,tarceva,tl32711,vinorelbine			1																												
carboplatin,cisplatin,etoposide,vinorelbine			1																												
carboplatin,cisplatin,gemcitabine			1			2								1				1													
carboplatin,cisplatin,gemcitabine,paclitaxel,reolysin			1																												
carboplatin,docetaxel,gemcitabine,paclitaxel			1														1													1	
carboplatin,docetaxel,paclitaxel,tarceva			1																												
carboplatin,etoposide			1														1														
carboplatin,gemcitabine,iressa,paclitaxel,pemetrexed,ras-inhibitor			1																												
carboplatin,gemcitabine,vinorelbine			1																												
adriamycin,carboplatin,cytoxan,etoposide-(vp-16),topotecan,vincristine			1																												
temodal			1																												
arimidex				85																									1		
tamoxifen				58							1													1					1		
cytoxan,docetaxel				26																											
adriamycin,cytoxan,paclitaxel				20																											
cyclophosphamide,doxorubicin,paclitaxel				18																											
adriamycin,cytoxan				11												1															
arimidex,cyclophosphamide,doxorubicin,paclitaxel				11																											
adriamycin,cytoxan,docetaxel				11																											
arimidex,cytoxan,docetaxel				10																											
cyclophosphamide,doxorubicin				9																											
cyclophosphamide,doxorubicin,paclitaxel,tamoxifen				9																											
adriamycin,cytoxan,paclitaxel,tamoxifen				8																											
adriamycin+cyclophosphamide				8																											
letrozole				8																											
cytoxan,doxorubicin,paclitaxel				7																											
cyclophosphamide,docetaxel				7																											
5-fluorouracil,cyclophosphamide,doxorubicin,tamoxifen				7																											
femara				7																											
5-fluorouracil,cyclophosphane,doxorubicin,tamoxifen				7																											
adriamycin,arimidex,cytoxan,paclitaxel				6																											
cyclophosphamide,docetaxel,tamoxifen				6																											
arimidex,tamoxifen				6																											
cytoxan,doxorubicin				5																											
5-fluorouracil,cyclophosphamide,docetaxel,epirubicin				5																											
cytoxan,docetaxel,tamoxifen				5																											
cytoxan,doxorubicin,paclitaxel,tamoxifen				5																											
arimidex,cyclophosphamide,docetaxel				5																											
adriamycin,cytoxan,docetaxel,tamoxifen				5																											
cytoxan,doxorubicin,letrozole,paclitaxel,tamoxifen				4																											
5-fluorouracil,cyclophosphamide,epirubicin				4																											
5-fluorouracil,cyclophosphamide,methotrexate				4																											
cyclophosphamide,doxorubicin,tamoxifen				4																											
adriamycin,cyclophosphamide				4																											
5-fluorouracil,cyclophosphamide,methotrexate,tamoxifen				4																											
cyclophosphamide,docetaxel,doxorubicin				4																											
5-fluorouracil,arimidex,cyclophosphamide,methotrexate				4																											
adriamycin,arimidex,cytoxan,docetaxel				3																											
adriamycin,arimidex,cytoxan				3																											
adriamycin,cytoxan,docetaxel,femara				3																											
adriamycin,cytoxan,herceptin,paclitaxel				3																											
carboplatin,docetaxel,trastuzumab				3																											
5-flourouracil,cyclophosphamide,doxorubicin,paclitaxel				3																											
5-flourouracil,cyclophosphamide,doxorubicin				3																											
cyclophosphamide,doxorubicin,paclitaxel,tamoxifen,trastuzumab				3																											
5-fluorouracil,cyclophosphamide,docetaxel,epirubicin,exemestane				3																											
5-fluorouracil,arimidex,cyclophosphamide,methotrexate,tamoxifen				2																											
cyclophosphamide,doxorubicine,tamoxifen				2																											
5-fluorouracil,cyclophosphamide,doxorubicin				2																1											
cyclophosphamide,doxorubicin,paclitaxel-(protein-bound)				2																											
cyclophosphamide,doxorubicin,paclitaxel,trastuzumab				2																											
arimidex,cytoxan,doxorubicin,paclitaxel				2																											
5-fluorouracil,cyclophosphamide,docetaxel,epirubicin,tamoxifen				2																											
adriamycin,arimidex,cytoxan,paclitaxel,tamoxifen				2																											
adriamycin,arimidex,cytoxan,tamoxifen				2																											
nolvadex				2																											
adriamycin,cyclophosphamide,paclitaxel				2																											
5-fluorouracil,arimidex,cytoxan,epirubicin,paclitaxel				2																											
adriamycin,cytoxan,femara,paclitaxel				2																											
adriamycin,cytoxan,tamoxifen				2																											
herceptin,paclitaxel				2																											
carboplatin,docetaxel,herceptin,tamoxifen				2																											
carboplatin,docetaxel,herceptin				2																											
5-fluorouracil,adriamycin,cytoxan,paclitaxel				2																											
arimidex,carboplatin,docetaxel,trastuzumab				2																											
arimidex,clodronate,cyclophosphamide,doxorubicin,paclitaxel				2																											
aromasin				2																											
5-fluorouracil,adriamycin,arimidex,cytoxan,paclitaxel,tamoxifen				2																											
arimidex,herceptin,paclitaxel				2																											
5-flourouracil,cyclophosphamide,epirubicin				2																											
arimidex,cytoxan,docetaxel,exemestane				2																											
arimidex,cytoxan,docetaxel,tamoxifen				2																											
arimidex,cytoxan,doxorubicin				2																											
letrozole,tamoxifen				2																											
arimidex,cytoxan,doxorubicin,paclitaxel,tamoxifen				2																											
[not-available],tamoxifen				2																											
cytoxan,doxorubicin,tamoxifen				2																											
5-fluorouracil,cytoxan,epirubicin,paclitaxel				2																											
doxorubicine+cyclophosphamide,tamoxifen				2																											
5-fluorouracil,cyclophosphane,doxorubicin				2																											
herceptin				2																											
5-fluorouracil,cytoxan,methotrexate				2																											
exemestane				2																											
5-fluorouracil,cyclophosphamide,epirubicin,tamoxifen				2																											
docetaxel,tamoxifen				2																											
carboplatin,cyclophosphamide,letrozole				1																											
bevacizumab-or-placebo,cyclophosphamide,doxorubicin,paclitaxel				1																											
bevacizumab,cyclophosphamide,doxorubicin,goserelin,paclitaxel,tamoxifen				1																											
cytoxan,docetaxel,methotrexate				1																											
carboplatin,cytoxan,docetaxel,herceptin				1																											
avastin,cytoxan,doxorubicin,paclitaxel				1																											
avastin,clodronic-acid,cyclophosphamide,doxorubicin,paclitaxel				1																											
aromatase-exemestane				1																											
bevacizumab,capecitabine,exemestane-(aromasin),fulvestrant,letrozole-(femara)				1																											
carboplatin,docetaxel,fareston,tamoxifen,trastuzumab,zoledronic-acid				1																											
doxorubicin+cyclophosphamid				1																											
doxorubicin+-cyclophosphamide				1																											
aromasin,tamoxifen				1																											
carboplatin,docetaxel,femara,herceptin				1																											
carboplatin,docetaxel,herceptin,paclitaxel				1																											
carboplatin,docetaxel,herceptin,trastuzumab				1																											
carboplatin,docetaxel,tamoxifen,trastuzumab				1																											
carboplatin,docetaxel,tamoxifen-citrate,trastuzumab				1																											
tch				1																											
carboplatin,ifosfamide,mesna-1,mesna-2,paclitaxel,vp-16				1																											
aromasin-(exemestane),tamoxifen				1																											
aromasin,carboplatin,docetaxel,paclitaxel,trastuzumab				1																											
aromasin,cyclophosphamide,doxorubicin,paclitaxel,tamoxifen				1																											
zoladex				1																	3										
arimidex,cytoxan,doxorubicin,paclitaxel,trastuzumab,trustuzumab				1																											
arimidex,cytoxan,doxorubicin,taxane				1																											
arimidex,docetaxel,herceptin				1																											
arimidex,doxorubicin,paclitaxel				1																											
e-75,exemestane,tamoxifen				1																											
arimidex,exemestane				1																											
arimidex,exemestane,letrozole				1																											
doxorubicine+cyclophosphamide,paclitaxelum				1																											
arimidex,exemestane,tamoxifen				1																											
arimidex,femara				1																											
arimidex,fulvestrant,xeloda,zometa				1																											
arimidex,gemcitabine,tamoxifen,xeloda				1																											
doxorubicin,tamoxifen				1																											
doxorubicine+cyclophosphamide+tamoxifen,tamoxiphene+leuporeline+gosereline				1																											
arimidex,not-otherwise-specified,trastuzumab				1																											
arimidex,paclitaxel				1																											
arimidex,tamoxifen,tc				1																											
arimidex,trastuzumab				1																											
arimidex,zometa				1																											
xeloda				1	1			11														4			5						
doxorubicine+cyclophosphamide+tamoxifen				1																											
trastuzumab				1																											
aromasin,clodronate,cyclophosphamide,doxorubicin,paclitaxel,tamoxifen,trastuzumab				1																											
denosumab,paclitaxel				1																											
chemo,-nos,hormone,-nos				1																											
tc				1																											
cytoxan,docetaxel,zoladex				1																											
cyclophosphamide,doxorubicin,lupron,paclitaxel,tamoxifen				1																											
lupron,tamoxifen,zoladex				1																											
cyclophosphamide,doxorubicin,paclitaxel,paclitaxel-(protein-bound)				1																											
cytoxan,doxorubicin,exemestane,paclitaxel,trastuzumab,triptorelin				1																											
leuprolide-acetate-(lupron),paclitaxel,tamoxifen,zoledronic-acid				1																											
cytoxan,doxorubicin,exemestane,paclitaxel,tamoxifen				1																											
fareston,tamoxifen				1																											
cyclophosphamide,doxorubicin,paclitaxel,tamoxifen,trastuzumab,vinorelbine				1																											
cytoxan,doxorubicin,exemestane,letrozole,paclitaxel,trastuzumab				1																											
cyclophosphamide,doxorubicin,paclitaxel,zoledronic-acid				1																											
femara-(letrozole),fulvestrant-(faslodex),xeloda-(capecitabine),zoledronic-acid				1																											
cyclophosphamide,doxorubicine				1																											
cyclophosphamide,doxorubicin,letrozole-(femara),lupron,paclitaxel,tamoxifen-(novadex)				1																											
cyclophosphamide,doxorubicine,letrozolum				1																											
cytoxan,docetaxel,tamoxifen,zoladex				1																											
cyclophosphamide,epirubicin,paclitaxel,tamoxifen				1																											
cyclophosphamidum,doxorubicinum,paclitaxel,tamoxifen				1																											
cyclophosphane,doxorubicin				1																											
cyclophosphane,doxorubicin,letrozole,tamoxifen				1																											
cytoxan				1																											
letrozol				1																											
cytoxan,docetaxel,doxorubicin				1																											
cytoxan,docetaxel,paclitaxel,tamoxifen				1																											
cytoxan,docetaxel,herceptin				1																											
cyclophosphamide,doxorubicin,letrozole-(femara),paclitaxel				1																											
cyclophosphamide,doxorubicin,letrozole,prednisone,rituximab,vincristine				1																											
tamoxiphene+anastrozolum				1																											
cyclophosphamide,docetaxel,epirubicoin,tamoxifen,zoledronic-acid				1																											
cytoxan,docetaxel,herceptin,tamoxifen				1																											
cisplatin,cyclophosphamide,docetaxel,doxorubicin				1																											
clodronate,cyclophosphamide,doxorubicin,paclitaxel,tamoxifen,triptorelin				1																											
cyclophasphamide,doxorubicin,paclitaxel				1																											
cyclophospamide,doxorubicin,letrozole-(femara),paclitaxel				1																											
cytoxan,paclitaxel,tamoxifen				1																											
tamoxiphen+anastrazolum				1																											
tamoxifen,zoladex,zometa				1																											
cyclophosphamide,docetaxel,doxorubicin,femara				1																											
cyclophosphamide,docetaxel,doxorubicin,goserelin,tamoxifen				1																											
cyclophosphamide,docetaxel,doxorubicine,paclitaxel				1																											
tamoxifen,zoladex				1																											
cyclophosphamide,doxorubicin,letrozole,paclitaxel,tamoxifen				1																											
poly-e				1																											
doxorubicine-cyclophosphamide-tamoxifen				1																											
cyclophosphamide,docetaxel,gemcitabine,herceptin				1																											
cytoxan,doxorubicin,paclitaxel,trastuzumab,trustuzumab				1																											
cyclophosphamide,docetaxel,herceptin,letrozole				1																											
cyclophosphamide,doxetaxel,doxorubicin,femara				1																											
cyclophosphamide,doxil,doxorubicin,paclitaxel				1																											
exemestane,paclitaxel				1																											
methotrexate,mitomycin,mitoxantrone,tamoxifen				1																											
cyclophosphamide,doxorubicin,femara,paclitaxel				1																											
cyclophosphamide,doxorubicin,herceptin,metformin,trastuzumab				1																											
doxorubicine+cyclophosphamide,tamoxiphene				1																											
arimidex,cyclophosphamide,docetaxel,doxorubicin,paclitaxel				1																											
arimidex,cytoxan,doxorubicin,neulasta,paclitaxel				1																											
adriamycin,arimidex,cytoxan,herceptin,paclitaxel				1																											
adriamycin,aloxi,cytoxan				1																											
adriamycin,ae-37,cytoxan,herceptin,paclitaxel				1																											
adriamycin,ae-37,arimidex,cytoxan				1																											
adriamycin,-cytoxan,-avastin,arimidex,aromasin,avastin,bevacizumab,cyclophosphamide,doxorubicin,paclitaxel,tamoxifen				1																											
adriamycin+cyclophosphamid,tamoxifen				1																											
adriamycin+cuclophosphamide				1																											
adriamicin,cyclophosphamid				1																											
ac,paclitaxel,tamoxifen				1																											
ac,herceptin,paclitaxel				1																											
[unknown],aromasin				1																											
[not-available],femara				1																											
[not-available],exemestane				1																											
[not-available],cytoxan,doxorubicin,paclitaxel,tamoxifen				1																											
[not-available],arimidex,cytoxan,docetaxel,epirubicin,letrozole,xeloda				1																											
[not-available],arimidex,cytoxan,docetaxel				1																											
adriamycin,anastrazole,cyclophosphamide,paclitaxel,tamoxifen				1																											
adriamycin,arimidex,aromasin,cytoxan,femara,paclitaxel,tamoxifen				1																											
adriamycin,arimidex,bevacizumab,cytoxan,paclitaxel,tamoxifen				1																											
adriamycin,arimidex,cytoxan,docetaxel,herceptin,paclitaxel				1																											
adriamycin,arimidex,cytoxan,goserelin,herceptin,paclitaxel,tamoxifen				1																											
adriamycin,arimidex,cytoxan,gemcitabine,paclitaxel,tamoxifen,zometa				1																											
adriamycin,arimidex,cytoxan,femara,paclitaxel				1																											
adriamycin,arimidex,cytoxan,exemestane,gemcitabine,letrozole,paclitaxel,tamoxifen				1																											
adriamycin,arimidex,cytoxan,docetaxel,xeloda				1																											
adriamycin,arimidex,cytoxan,docetaxel,tamoxifen				1																											
adriamycin,arimidex,cytoxan,docetaxel,herceptin,lapatinib				1																											
adriamycin,arimidex,cyclophosphamide,paclitaxel				1																											
adriamycin,arimidex,cytoxan,docetaxel,herceptin				1																											
adriamycin,arimidex,cytoxan,docetaxel,femara,tamoxifen				1																											
adriamycin,arimidex,cytoxan,docetaxel,e-75,paclitaxel				1																											
adriamycin,arimidex,cytoxan,docetaxel,e-75				1																											
adriamycin,arimidex,cytoxan,denosumab,doxorubicin-liposome,exemestane,fulvestrant,letrozole,paclitaxel,tamoxifen,zoledronic-acid				1																											
adriamycin,arimidex,cyotxan				1																											
[not-available],arimidex				1																											
[not-available],adriamycin,cytoxan,tamoxifen				1																											
5-fluorouracil,tamoxiphene				1																											
5-fluorouracil,arimidex,cytoxan,epirubicin				1																											
5-fluorouracil,cyclophosphamide,docetaxel,epirubicin,letrozole				1																											
5-fluorouracil,cyclophosphamide,docetaxel,epirubicin,exemestane,trastuzumab				1																											
5-fluorouracil,cyclophosphamide,docetaxel,epirubicin,exemestane,letrozole				1																											
5-fluorouracil,cyclophosphamide,docetaxel,doxorubicin,exemestane,trastuzumab				1																											
5-fluorouracil,cyclophosphamid,metotreksat				1																											
5-fluorouracil,aromasin,cyclophosphamide,docetaxel,epirubicin				1																											
5-fluorouracil,arimidex,cytoxan,docetaxel,epirubicin,xeloda				1																											
5-fluorouracil,cyclophosphamide,docetaxel,epirubicin,paclitaxel				1																											
5-fluorouracil,arimidex,cyclophosphamide,docetaxel,epirubicin,paclitaxel				1																											
5-fluorouracil,arimidex,cyclophosphamide,docetaxel,epirubicin				1																											
5-fluorouracil,arimidex,cyclophosphamide,docetaxel,doxorubicin				1																											
5-fluorouracil,adriamycin,cytoxan				1																											
5-fluorouracil,adriamycin,aromasin,cytoxan,docetaxel,herceptin,ixabepilone,lapatinib,letrozole,megace,methotrexate,paclitaxel,tamoxifen,vinblastine,vinorelbine,xeloda,yondelis				1																											
5-fluorouracil				1				11		2										2		18			41						
5-fluorouracil,cyclophosphamide,docetaxel,epirubicin,nolvadex				1																											
5-fluorouracil,cyclophosphamide,doxorubicin,leuprolide,tamoxifen				1																											
5-fluorouracil,cytoxan,epirubicin,paclitaxel,tamoxifen,trastuzumab				1																											
5-fluorouracil,cyclophosphamide,letrozole-(femara),methotrexate				1																											
5-fluorouracil,cytoxan,docetaxel,epirubicin				1																											
5-fluorouracil,cyclophosphane,mitoxantrone,tamoxifen				1																											
5-fluorouracil,cyclophosphamide,methotrexate,tamoxifen,zoladex				1																											
5-fluorouracil,cyclophosphamide,methotrexate,pamidronic-acid,tamoxifen,zoladex				1																											
5-fluorouracil,cyclophosphamide,methotrexate,pamidronate,vincristine				1																											
5-fluorouracil,cyclophosphamide,leuprorelin,methotrexate,tamoxifen,zoladex				1																											
5-fluorouracil,cyclophosphamide,letrozole,methotrexate				1																											
5-fluorouracil,cyclophosphamide,doxorubicin,mitomycin,tamoxifen,vinorelbine				1																											
5-fluorouracil,cyclophosphamide,epirubicin,paclitaxel				1																											
5-fluorouracil,cyclophosphamide,epirubicin,letrozole,tamoxifen,trastuzumab				1																											
5-fluorouracil,cyclophosphamide,epirubicin,letrozole,pamidronate,tamoxifen,zoledronic-acid				1																											
5-fluorouracil,cyclophosphamide,epirubicin,letrozole				1																											
5-fluorouracil,cyclophosphamide,epirubicin,femara,paclitaxel,tamoxifen				1																											
5-fluorouracil,cyclophosphamide,doxorubicin,pamidronate,tamoxifen				1																											
adriamycin,arimidex,cytoxan,herceptin				1																											
adriamycin,arimidex,cytoxan,herceptin,paclitaxel,tamoxifen,zometa				1																											
arimidex,cytoxan,doxorubicin,neulasta				1																											
adriamycin,arimidex,cytoxan,letrozole,paclitaxel,tamoxifen				1																											
arimidex,carboplatin,paclitaxel				1																											
arimidex,carboplatin,docetaxel				1																											
arimidex,bevacizumab-(avastin),placebo-provided-by-study,cyclophosphamide,doxorubicin,paclitaxel				1																											
arimidex,bevacizumab,docetaxel,ibandronate,tamoxifen,vinorelbine				1																											
arimidex,bevacizumab,cytoxan,doxorubicin,paclitaxel,tamoxifen				1																											
arimidex,bevacizumab,cyclophosphamide,doxorubicin,paclitaxel				1																											
arimidex,bevacizumab,carboplatin,paclitaxel,pemetrexed				1																											
arimidex,aromasin-(exemestane),cyclophosphamide,docetaxel,doxorubicin,paclitaxel,tamoxifen,zoledronic-acid				1																											
arimidex,aromasin,tamoxifen				1																											
arimidex,aromasin,femara				1																											
arimidex,aromasin,cyclophosphamide,doxorubicin,femara,fulvestrant,gemcitabine,paclitaxel,tamoxifen,tesetaxel,vinorelbine,xgeva				1																											
arimidex,aromasin,carboplatin,docetaxel,herceptin				1																											
arimidex,aromasin				1																											
anastrozolum				1																											
anastrazole,cyclophosphamide,docetaxel				1																											
arimidex,chemo,-nos				1																											
arimidex,cyclophosphamide,docetaxel,doxorubicin				1																											
arimidex,cyclophosphamide,docetaxel,doxorubicin,tamoxifen				1																											
arimidex,cyclophosphamide,doxorubicin-hcl,paclitaxel				1																											
arimidex,cytoxan,doxorubicin,letrozole,paclitaxel				1																											
arimidex,cytoxan,docetaxel,neulasta				1																											
arimidex,cytoxan,docetaxel,letrozole,neulasta,trastuzumab				1																											
arimidex,cytoxan,docetaxel,doxorubicin,paclitaxel,trastuzumab				1																											
arimidex,cytoxan,docetaxel,doxorubicin,letrozole,paclitaxel				1																											
arimidex,cyclophosphamide,epirubicin,exemestane,zoledronic-acid				1																											
arimidex,cyclophosphamide,doxorubicin,paclitaxel,tamoxifen				1																											
arimidex,cyclophosphamide,docetaxel,paclitaxel-(protein-bound),trastuzumab				1																											
arimidex,cyclophosphamide,doxorubicin,letrozole-(femara),paclitaxel				1																											
arimidex,cyclophosphamide,doxorubicin,lapatinib,paclitaxel				1																											
arimidex,cyclophosphamide,doxorubicin,flourouracil,methotrexate,paclitaxel				1																											
arimidex,cyclophosphamide,doxorubicin,everolimus,exemestane,faslodex,femara,paclitaxel,tamoxifen				1																											
arimidex,cyclophosphamide,doxorubicin				1																											
arimidex,cyclophosphamide,docetaxel,zoledronic-acid				1																											
anastrazole,aromasin,tamoxifen				1																											
anastrazole				1																											
albumin-bound-paclitaxel,cyclophosphamide,doxorubicin,trastuzumab				1																											
adriamycin,carboplatin,cytoxan,gemcitabine,xeloda				1																											
adriamycin,cyclophosphamide,herceptin,paclitaxel,tamoxifen,triptorelin,zoledronic-acid				1																											
adriamycin,cyclophosphamide,herceptin,paclitaxel				1																											
adriamycin,cyclophosphamide,docetaxel,paclitaxel				1																											
adriamycin,cyclophosphamide,docetaxel,femara				1																											
adriamycin,cyclophosphamide,docetaxel				1																											
adriamycin,cisplatin,docetaxel,exemestane,gemcitabine,paclitaxel,vinorelbine,xeloda				1																											
adriamycin,carboplatin,cytoxan,faslodex,gemcitabine,paclitaxel				1																											
adriamycin,cytoxan,docetaxel,tamoxifen,zoladex				1																											
adriamycin,carboplatin,cyclophosphamide,denosumab,docetaxel,gemcitabine,paclitaxel				1																											
adriamycin,capecetabine,cytoxan,docetaxel,tamoxifen,zometa				1																											
adriamycin,avastin,cytoxan,paclitaxel				1																											
adriamycin,avastin,cytoxan,docetaxel,paclitaxel,tamoxifen,vinorelbine,xeloda				1																											
adriamycin,aromasin,cytoxan,docetaxel,femara,tamoxifen				1																											
adriamycin,arimidex,cytoxan,paclitaxel,xeloda				1																											
adriamycin,cyclophosphamide,paclitaxel,tamoxifen				1																											
adriamycin,cytoxan,docetaxel,zometa				1																											
adrimycin,arimidex,cytoxan,docetaxel				1																											
adriamycin,cytoxan,neulasta,paclitaxel,trastuzumab				1																											
adrimycin+cyclophosphamide				1																											
adrimicin+cyclophosphamide				1																											
adriamyicin,cyclophosphamide,paclitaxel,tamoxifen				1																											
adriamycin,paclitaxel				1																									1		
adriamycin,cytoxen,docetaxel				1																											
adriamycin,cytoxan,paclitaxel,tamoxifen,trastuzumab				1																											
adriamycin,cytoxan,neulasta,paclitaxel,tamoxifen				1																											
adriamycin,cytoxan,exemestane,letrozole,tamoxifen,xeloda				1																											
adriamycin,cytoxan,neulasta,paclitaxel				1																											
adriamycin,cytoxan,letrozole,paclitaxel				1																											
adriamycin,cytoxan,herceptin,paclitaxel,zometa				1																											
adriamycin,cytoxan,herceptin,paclitaxel,tamoxifen				1																											
adriamycin,cytoxan,herceptin,letrozole,paclitaxel,tamoxifen,zoladex				1																											
adriamycin,cytoxan,faslodex,paclitaxel				1																											
zoledronic-acid				1																											
adriamycin,carboplatin,cisplatin,etoposide					1																										
avastin,carboplatin,cisplatin,doxorubicin,etoposide,mitotane,streptozocin					1																										
ketoconazole,sunitinib					1																										
sorafenib					1							1	2	1		13															
adriamycin,cisplatin,methotrexate,vinblastine						4																									
cisplatin,doxorubicin,methotrexate,vinblastine						3																									
bcg						3																									
cisplatin,gemcitabine,paclitaxel						2																									
gemcitabine,platinum						2																									
5-fluorouracil,carboplatin						1																									
cisplatin,gemcitabine,ifosfamide,paclitaxel						1																									
cisplatin,ifosfamide,paclitaxel						1																									
cisplatin,ifosfamide,mesna,paclitaxel						1																									
cisplatin,doxorubicin,gemcitabine,methotrexate,vinblastine						1																									
cisplatnin,gemcitabine						1																									
docetaxel,doxorubicin,halichondrin-b,ifosfamide,mesna						1																									
etoposide,paclitaxel						1																									
gemcitabine-and-cisplatin						1																									
cisplatin,doxorubicin,methotrexate,tarceva,vinblastine						1																									
cisplatin,doxorubicin,gemcitabine,ifosfamide,methotrexate,vinblastine						1																									
cisplatin,docetaxel-+,--zactima,gemcitabine,ifosfamide,paclitaxel						1																									
[not-available],cisplatin,docetaxel,gemcitabine						1																									
cddp,gemcitabine						1																									
carboplatin,etopside						1																									
carboplatin,doxorubicin,etoposide						1																									
bcg,cisplatin,gemcitabine,saha,vorinostat						1																									
bcg,-intravesicular,gemcitabine,platinol						1																									
bacillus-calmette-guerin-(bcg),doxobubicin						1																									
avastin,cisplatin,doxorubicin,methotrexate,vinblastine						1																									
adriamycin-(doxorubicin),cisplatin,gemcitabine,halichondrin,ifosfamide,paclitaxel,temsirolimus,vinorelbine						1																									
adriamycin,carboplatin,cisplatin,gemcitabine,methotrexate,vinblastine						1																									
[not-available],cisplatin,fosaprepitant,gemcitabine						1																									
ipilimumab,nivolumab						1																									
capecitabine,gemcitabine							1													1											
5-fluorouracil,leucovorin,oxaliplatin								32														14			3						
5-fluorouracil,folinic-acid,oxaliplatin								24														7									
capecitabine								4		8										1					3						
5-fluorouracil,bevacizumab,folinic-acid,irinotecan								3																							
folfox								3														2									
5-fluorouracil,leucovorin								3		1												1			9						
5-fluorouracil,erbitux,leucovorin,oxaliplatin								3																							
5-fluorouracil,bevacizumab,oxaliplatin								3																							
capecitabine,oxaliplatin								2																							
5-fluorouracil,folinic-acid,irinotecan								2																							
5-fluorouracil,folinic-acid								2														3									
5-fluorouracil,bevacizumab,leucovorin,oxaliplatin								2																							
5-fluorouracil,bevacizumab,folinic-acid,irinotecan,oxaliplatin								2														1									
5--fu,5-fluorouracil,leucovorin,oxaliplatin								2																							
5-fluorouracil,avastin,irinotecan,leucovorin,oxaliplatin								2																							
5-fluorouracil,bevacizumab,erbitux,floxuridine,irinotecan-hcl,leucovorin,leucovorin-calcium,oxaliplatin								1																							
c1-folfiri,zaltrap,erbitux,folfiri,avastin,folfox								1																							
5-fluorouracil,leucovorin,oxaliplatin,pegfilgrastim								1																							
5-fluorouracil,leucovorin,oxaliplatin,xeloda								1														1			1						
5-fluorouracil,leucovorin-calcium								1		1										1											
5-fluorouracil,leucovorin-calcium,oxaliplatin								1														3									
5-fluorouracil,leucovorin-calcium,oxaliplatin,pegfilgrastim								1														1									
5-fluoruoracil,bevacizumab,capecitabine,folinic-acid,oxaliplatin								1																							
avastin,folinic-acid,leucovorin								1																							
bevacizumab,capecitabine,irinotecan,mitomycin,oxaliplatin,vectibix								1																							
5-fluorouracil,avastin,bevacizumab,erbitux,irinotecan,leucovorin,oxaliplatin								1																							
5-fluorouracil,avastin,bevacizumab,leucovorin,levcovorin,oxaliplatin								1																							
5-fluorouracil,avastin,bevacizumab,capecitabine,leucovorin-calcium,oxaliplatin,regorafenib								1																							
capecitabine,oxaliplatin,raltitrexed								1																							
erbitux,irinotecan								1																							
floxuridine,irinotecan-hcl,oxaliplatin								1																							
folfiri,mayo-425-20								1																							
5-fluorouracil,avastin,bevacizumab,camptosar,capecitabine,irinotecan,leucovorin,mitomycin,oxaliplatin								1																							
oxaliplatin								1																							
5-fluorouracil,avastin,bevacizumab,erbitux,irinotecan,leucovorin,oxaliplatin,xeloda								1																							
5-fluorouracil,irinotecan,oxaliplatin,xeloda								1																							
5-fluorouracil,bevacizumab,erbitux,folinic-acid,irinotecan								1																							
5-fluorouracil,avastin,camptosar,folinic-acid								1																							
5-fluorouracil,bevacizumab,erbitux,irinotecan,leucovorin,oxaliplatin								1																							
5-fluorouracil,bevacizumab,capecitabine,oxaliplatin								1																							
5-fluorouracil,bevacizumab,capecitabine,folinic-acid,oxaliplatin								1																							
5-fluorouracil,bevacizumab,irinotecan,leucovorin,oxaliplatin								1																							
5-fluorouracil,bevacizumab,capecitabine,erbitux,folinic-acid,irinotecan								1																							
5-fluorouracil,bevacizumab,leucovorin,oxaliplatin,xeloda								1																							
5-fluorouracil,bevacizumab,oxaliplatin,xeloda								1																							
5-fluorouracil,capecitabine,erbitux,folinic-acid,irinotecan,oxaliplatin								1																							
5-fluorouracil,cpt-11,leucovorin								1																							
5-fluorouracil,dexamethasone,floxuridine,irinotecan-hcl,leucovorin,oxaliplatin								1																							
5--fu,leucovorin,oxaliplatin								1																							
5-fluorouracil,avastin,irinotecan,leucovorin,levcovorin,mitomycin-c,oxaliplatin								1																							
5-fluorouracil,filgrastim-(g-csf),leucovorin,oxaliplatin,pegfilgrastim-(peg-g-csf)								1																							
5-fluorouracil,folfiri								1																							
5-fluorouracil,folfox,leucovorin,oxaliplatin								1																							
5-fluorouracil,avastin,erbitux,irinotecan,leucovorin,oxaliplatin,study-drug-amg-655								1																							
5-fluorouracil,avastin,erbitux,irinotecan,leucovorin,oxaliplatin								1																							
5-fluorouracil,erbitux,floxuridine,irinotecan-hcl,leucovorin-calcium,oxaliplatin,pegfilgrastim								1																							
ciclofosfamida,doxorubicina,prednisona,rituximab,vincristina									7																						
cyclophosphamide,doxorubicin,prednisone,rituximab,vincristine									4																						
adriamycin,cyclophosphamide,prednisone,vincristine									3																						
chop,rituximab									3																						
epoch,rituximab									2																						
cyclophosphamide,hydroxydaunomycin,methotrexate,oncovin,prednisolone,rituximab									2																						
ciclofosfamida,prednisona,rituximab,vincristina									1																						
cyclophosphamide,hydroxydaunomycin,oncovin,prednisolone,rituximab,vincristine									1																						
cyclophosphamide,hydroxydaunomycin,oncovin,prednisolone,rituximab									1																						
cyclophosphamide,doxorubicin,vinblastine									1																						
cyclophosphamide,doxorubicin,rituximab,vincristine									1																						
cyclophosphamide,doxorubicin,predisone,rituximab,vincristine									1																						
cyclophosphamide,doxorubicin,intrathecal-methotrexate,prednisone,rituximab,vincristine									1																						
cvad,ice,o-ice,ofatumumab									1																						
cisplatin,cyclophosphamide,cytarabine,dexamethasone,doxorubicin,rituximab,vincristine									1																						
[not-available],ciclofosfamida,cisplatim,doxorubicina,etoposide,metilprednisona,prednisona,rituximab,vincristina									1																						
adriamycin,carboplatin,cyclophosphamide,dexamethasone,high-dose-ara-c,prednisone,rituxan,vincristine									1																						
ciclofosfamida,doxorubicina,intrathecal-methotrexate,prednisona,rituximab,vincristina									1																						
chop,epoch,rituximab									1																						
bortezomib,carboplatin,cyclophosphamide,cytarabine,decadron,dexamethasone,doxorubicin,gemcitabine,revlimid,rituximab,vincristine,vinorelbine									1																						
bleomycin,cytoxan,il-2,prednisone,thiotepa,vincristine,vp-16									1																						
bleomycin,cyclophosphamide,doxorubicin,etoposide,vincristine									1																						
bleomycin,cyclophosphamide,dacarbazine,dexamethasone,doxorubicin,etoposide,mitoxantrone,vincristine									1																						
adriamycin,cytoxan,rituximab,vincristine									1																						
adriamycin,cytoxan,prednisone,vincristine									1																						
adriamycin,cytoxan,doxil,prednisone,rituximab,vincristine									1																						
adriamycin,cyclophosphamide,prednisolone,vincristine									1																						
high-dose-methotrexate-w,-leucovorin									1																						
capecitabine,cisplatin										8																					
5-fluorouracil,cisplatin,epirubicin										2															6						
etoposide										1															1						
carboplatin,paclitaxel,xeloda										1																					
5-flourouracil,cisplatin,docetaxel,oxaliplatin										1																					
5-fluorouracil,oxaliplatin										1																					
5-fluorouracil,docetaxel,oxaliplatin										1																					
folfiri,folfox										1																					
temodar											34				177									2							
avastin,temodar											9				7																
dexamethasone											6																				
avastin,irinotecan,temodar											2				1																
dexamethasone,temodar											2																				
cisplatin,dexamethasone,oxcarbazepine,temodar											1																				
dexamethasone,fotemustine,levetiracetam,temodar											1																				
dexamethasone,dexamethazone,gliadel-wafer-(bcnu),temodar											1																				
cpt-11,temodar,thalidomide											1																				
cisplatin,dexamethasone,temodar											1																				
06-bg,06-bg-(nabtt-0803),cai-(nabtt-97212),carmustine-(bcnu),gliadel-wafer,reinoid,cis-retinoic-acid,temodar,vatalanib-(ptk787)											1																				
dexamethasone,gliadel											1																				
cisplatin,dexamethasone,levetiracetam,temodar											1																				
cisplatin,dexamethasone,fotemustine,procarbazine,temodar,temozolomoide											1																				
cilenaitide,temodar											1																				
cddp,dexamethasone,doxorubicin,temodar											1																				
ccnu,gliadel-wafers,temozolamide,vp-16											1																				
ccnu,gleevac,hydroxurea,temodar,vp-16											1																				
cisplatin,dexamethasone,lumustine,phenytoin-sodium,tarceva,temodar											1																				
dexamethasone,gliadel-bcnu,temodar											1																				
dexamethasone,gliadel,temador											1																				
il-13pe,temodar											1																				
temodar-(escalation)											1																				
temodar,temozolamide											1				1																
saha,temodar											1																				
motexatin-gadoinium,temodar											1																				
motexafin-gadolinium,temodar											1																				
hydrochoroquine,temodar											1																				
ccnu,cpt-11,gliadel-wafer,temodar											1																				
hsppc-96-vaccine,tarceva,temodar											1																				
gliadel-wafers,temodar											1																				
gliadel-wafer,temodar											1																				
gliadel-wafer											1				1																
dexamethasone,levetiracetam,temodar											1																				
dexamethasone,gliadel-wafer,oxcarbazepine,temodar											1																				
ccnu,cpt-11,vp-16											1																				
carmustine,temodar											1																				
carmustine-(bcnu),temodar											1																				
arsenic-trioxide,avastin,carboplatin,dexamethasone,prednisone,sovatenib,temodar											1																				
avastin,cpt-11,tarceva,temodar,vp-16											1																				
avastin,cpt-11,gleevac,hydroxyurea,rad001,temodar,temozolamide											1																				
avastin,bs1-201,temodar											1																				
avastin,bevacizumab-avastin,gliadel-wafer,gliadel-wafers,metronomic-temodar,temodar											1																				
avastin,bevacizumab,carboplatin,temodar,xl-184											1																				
avastin,bevacizumab,carboplatin,irinotecan,temodar,temozlomide,xl-184											1																				
angiocept,avastin,daclizumab,temodar,vp-16											1																				
avastin,cpt11											1																				
accutane,temodar											1																				
abtc-0603-hydroxychloroquine,temodar											1																				
abt-888-parp-inhibitor,bevacizumab,carboplatin,temodar											1																				
a4qn,at-101,bevacizumab,irintotecan,tarceva,temodar											1																				
[not-available],temodar											1																				
[not-available],dexmethasone											1																				
avastin,cpt-11,temodar											1																				
avastin,cpt11,temodar											1																				
[not-available],avastin,temodar											1																				
bevacizumab,temodar											1				7																
carmustine,paclitaxel,procarbazine,tamoxifen											1																				
carmustine,ci-980,gliadel-wafer											1																				
carmustin											1																				
cai-nabit-9712,procarbazine,temodar											1																				
bevcizumab,medt-575,temodar											1																				
bevacizumab-or-placebo-rtog-0825,temodar											1																				
bevacizumab,r04929097,temodar											1																				
avastin,dexamethasone,gliadel-wafers,temodar											1																				
bevacizumab,irinotecan,temodar											1				4																
bevacizumab,cilengitide,irinotecan,temodar,temozolomode											1																				
bevacizumab,carboplatin,irinotecan,temodar											1				1																
bcnu,cpt-11											1																				
bcnu,cisplatin,dexamethasone,ft,levetiracetam,pc2,temodar											1																				
avastin,gliadel-wafer-carmustine,temodar											1																				
tipfarnib-(r115777)											1																				
avastin,sorafenib												1																			
bevacizumab,sorafenib,sunitinib,temsirolimus												1		1																	
bevacizumab,sunitinib,temsirolimus												1																			
bevacizumab,sutent,temsirolimus												1																			
sunitinib												1	7	1																	
thalidomide												1																			
interferon													5	1										2							
sutent													5	2																	
interleukin-2													4																		
pazopanib													3	1																	
sutent-(sunitinib)													3																		
nexavar													2			3															
oncophage													2																		
sunitinib-(sutent)													1																		
temsirolimus													1	1																	
interferon,temsirolimus													1																		
interferon-alpha													1											1							
interferon-alpha,sorafenib													1																		
zd6474													1																		
interleukin-2-high-dose													1																		
nexavaar,sutent													1																		
tyrosine-kinase-inhibitor													1																		
torisel,votrient													1																		
oncophage-vaccine													1																		
oncophage-vaccine,pazopanib													1																		
torisel													1																		
pazopanib,sunitinib													1																		
perifosine,sorafenib													1																		
afinitor,interferon,nexavar,sorafenib,sutent,tipifarnib													1																		
sorafenib,sunitinib													1			1															
sorafenib,sunitinib,temsirolimus													1	1																	
sorafenib---nexavar													1																		
5-fluorouracil,avastin,gemictiabine,interleukin-2													1																		
inf													1																		
il-2-therapy-(interleukin)													1																		
il-2-(high-dose)													1																		
afinitor,pazopanib													1																		
alpha-interferon													1																		
avastin,axitnib,sutent													1																		
avastin,azd,bortezomib,intron-a,nab-rapamycin,pazopanib,roferon-a,sorafenib,sutent,temsirolimus													1																		
avastin,capecitabin,gemcitabine,nexavar,proleukin,tarceva													1																		
avastin,capecitabine,intron-a,oncophage,tarceva													1																		
avastin,gemcitabine,il-2,rad001													1																		
avastin,gemcitabine,interferon,iressa,xeloda													1																		
avastin,gemcitabine,interferon-alpha,thalidomide,xeloda													1																		
avastin,gemcitabine,tarceva,xeloda													1																		
avastin,il-2,oncophage-vaccine,tarceva													1																		
avastin,tarceva													1																		
axitinib,interferon													1																		
bay-439006													1																		
bevacizumab,everolimus,pazopanib,sunitinib													1																		
bevacizumab,pazopanib													1																		
bevacizumab,temsirolimus													1																		
everolimus,sorafenib,sunitinib													1																		
gefitinib,sorafenib,sunitinib													1																		
gefitinib,sorafenib,sunitinib,temsirolimus													1																		
gemcitabine,interferon,oncophage,sorafenib,sunitinib,xeloda													1																		
gemcitabine,interferon-alpha,xeloda													1																		
ifn-alpha-(intron)													1																		
il-2,thalidomide													1																		
zometa													1																		
17-aag														1																	
sutent,temsirolimus														1																	
sunitinib,temsirolimus														1																	
sorafenib,temsirolimus														1																	
psma-dna-vaccine,sunitinib,temsirolimus														1																	
naxavar,sunitinib														1																	
adriamycin,cytoxan,rituxan,vincristine														1																	
intron-a														1																	
everolimus														1																	
carboplatin,pemetrexed														1			10	4													
afinitor,sutent														1																	
afinitor														1																	
lomustine,procarbazine,vincristine															8																
lomustine,procarbazine,temodar,vincristine															3																
temozolamide															3																
ccnu,temodar															2																
bevacizumab,lomustine,temodar															2																
avastin,carboplatin,cpt-11,temodar,vp-16															2																
hydroxyurea,pcv															2																
avastin,carboplatin-5-auc,ccnu,etoposide,hydroxyurea,imatinib,temodar															1																
fotemustine,temodar															1																
cilengtide,procarbazine,temodar															1																
cilengitide,ps-341-bortrezomib,temodar															1																
cdr0000654697															1																
ccnu,cpt-11,temodar,vp-16															1																
ccnu,tamoxifen,temodar															1																
ccnu,cpt-11,i131-81c6,procarbazine,vincristine															1																
ccnu,celebrex,temodar															1																
ccnu,celebrex,cpt-11,procarbazine,tamoxifen,temodar,vincristine															1																
ccnu,celebrex,cloretazine,karerltecin,magi131-81c6,tamoxifen,temodar,vp-16															1																
carmustine-bcnu															1																
i-131-81c6															1																
carmustine,teniposide															1																
i131-81c6															1																
isotrectinoin-(acccutane),temodar															1																
lomustin,procarbazine,vincristine															1																
lomustine,procarbazine,temodar															1																
avastin,bcnu,temodar															1																
avastin															1																
lomustine-(ccnu),procarbazine,vincristine															1																
nimustine,temozolamide															1																
pcv,tamoxifen															1																
procarbazine,sorafenib-(bay-43-9006),temodar															1																
procarbazine,temodar															1																
procarbazine,tomaxifen															1																
at-101,bcnu-(carmustine),temodar															1																
carmustine-(bcnu),cis-retinoic-acid,onyx-015,su101,temodar															1																
carboplatin,ccnu,celebrex,temodar,vp-16															1																
carmustine,temodar,temozolamide															1																
avastin,ccnu,cpt-11,cytoxan,gleevec,hydroyurea,temodar,topotecan,vp-16															1																
avastin,ccnu,cpt-11,temodar,vp-16															1																
avastin,ccnu,tarceva,temodar,vp-16															1																
avastin,ccnu,temodar															1																
avastin,ccnu,temodar,vp-16															1																
avastin,ceenu,temodar															1																
avastin,cpt-11,gleevec,temodar															1																
avastin,cpt-11,mr1-1,temodar															1																
avastin,mustophoran,themozolomide															1																
avastin,temodar,vinblastine															1																
bcnu															1																
bcnu-(carmustine),gliadel-wafer,hydroxyurea															1																
benzylguanine,ccnu,celebrex,gliadel-wafers,karenitecin,temodar,vp-16															1																
bevacizumab,carboplatin,lomustine,procarbazine,temodar,vincristine-(sulfate)															1																
bevacizumab,carmustin,temodar															1																
bevacizumab,carmustine,irinotecan,temodar															1																
bevacizumab,carmustine,temodar,teniposide															1																
bevacizumab,carmustine,temozolamide															1																
bevacizumab,irinotecan															1																
avastin,carboplatin,ccnu,cyclophosphamide,gliadel,karenitecin,tamoxifen,temodar,thalidomide															1																
bevacizumab,irinotecan,temodar,temozlomide															1																
bevacizumab,irintotecan,temodar															1																
bevacizumab,lomustin,pembrolizumab,temodar															1																
bevacizumab,lomustine,mibefradil,procarbazine,temodar															1																
bevacizumab,lomustine-(ccnu),temodar															1																
afatinib,temodar															1																
capecitabine,celebrex,temodar															1																
carboplatin,ccnu,celebrex,cpt-11,cytoxan,gliadel-wafers,procarbazine,tamoxiten,temazolomide,temodar,vp-16															1																
9-aminocamptothecin,bromo-deoxyuridine,capecitabine,irinotecan,isotretinoin,pcv,tamoxifen,temodar															1																
naxavar																3															
hec.1---sorafenib-vs-sorafenib-plus-doxorubicin																1															
sorafenib,temodar																1															
regorafenib,sarafenib																1															
5-fluorouracil,[not-available],oxaliplatin,sorafenib																1															
abt-888,ly228820,sorafenib,temodar																1															
everolimus,naxavar,som-230																1															
doxorubicin,everolimus,-gemcitabine,-and-cisplatin,sorafenib																1															
cisplatin,gemcitabine,sorafenib,temsirolimus																1															
alvesin																1															
adriamycin,gemcitabine,mitomycin-c,tamoxifen																1															
sorafinib-(-nexavar)																1															
carboplatin,paclitaxel,pemetrexed																	3														
cisplatin,vinblastine																	3														
carboplatin,paclitaxel,tarceva																	2														
carboplatin,pemetrexed,tarceva																	2														
cisplatin,etoposide,gefitinib																	2														
cisplatin,gemcitabine,vinorelbine																	2														
avastin,carboplatin,paclitaxel,pemetrexed																	2														
carboplatin,cisplatin,docetaxel,paclitaxel																	2		3										1		
recprame+as15-asci																	1														
placebo,tarceva																	1														
pemetrexed,tarceva																	1														
cisplatin,pemetrexed-disodium																	1														
cisplatin,cyc-116,cyclocel,docetaxel,erlotonib,gemcitabine,paclitaxel,pemetrexed,vinorelbine																	1														
cisplatin,pemetrexed,vinorelbine																	1														
cisplatin,pemetrexed,tarceva																	1														
cisplatin,docetaxel,pemetrexed																	1														
cisplatin,docetaxel,vp-16																	1														
cisplatin,etoposide,gemcitabine																	1														
chemo,-multi-agent,-nos,chemo,-nos																	1														
[not-available],carboplatin,gemcitabine																	1														
carboplatin,tarceva,vinorelbine																	1														
bevacizumab,cisplatin,gemcitabine																	1														
[not-available],cisplatin,docetaxel,gefitinib,gemcitabine																	1														
almita,carboplatin,gemcitabine,pemetrexed																	1														
avastin,carboplatin,cisplatin,docetaxel,pemetrexed,tarceva																	1														
avastin,carboplatin,docetaxel,topotecan																	1														
avastin,carboplatin,paclitaxel																	1													1	
avastin,carboplatin,pemetrexed																	1														
avastin,cisplatin,pemetrexed																	1														
b12,carboplatin,neulasta,pemetrexed,xgeva																	1														
belinostat,carboplatin																	1														
bevacizumab,carboplatin,cisplatin,docetaxel,gemcitabine,irinotecan,paclitaxel,pemetrexed,tarceva,vinorelbine																	1														
bevacizumab,carboplatin,docetaxel,gemcitabine,paclitaxel,pemetrexed																	1														
bevacizumab,cisplatin,pemetrexed																	1														
carboplatin,pemetrexed-disodium																	1														
bevacizumab,cisplatin,pemetrexed-disodium																	1														
carboplatin,cisplatin,gemcitabine,pemetrexed																	1														
carboplatin,cisplatin,paclitaxel,vinorelbine																	1														
carboplatin,cpt-11,gemcitabine,paclitaxel																	1														
carboplatin,docetaxel,not-specified,paclitaxel,pemetrexed,tarceva																	1														
carboplatin,gefitinib,paclitaxel,tarceva																	1														
carboplatin,gemcitabine,paclitaxel,pemetrexed,tarceva																	1														
carboplatin,gemcitabine,pemetrexed																	1														
[not-available],cisplatin,docetaxel,etoposide,gemcitabine,zoledronic-acid																	1														
carboplatin,paclitaxel,rec-mage-3-as-+-as15-acs1-,-placebo-vaccine																	1														
porfimer-sodium-(photofin)																		4													
2-[1-hexyloxyethyl]-2-devinyl-pyropheophorbide-alpha-(hpph-or-photochlor)																		3													
[not-available],carboplatin,pemetrexed																		3													
porfimer-sodium-(photofrin)																		3													
tetrathiomolybdate																		2													
dasatinib																		2													
[not-available],cisplatin,pemetrexed																		2													
[unknown],cisplatin,gemcitabine																		1													
adriamycin,cisplatin,pemetrexed																		1													
porfimer-sodium(photofin)																		1													
dasatinib,gemcitabine,r1507,tarceva																		1													
amatuximab-(morab-009),cisplatin,ds-8273a,gdc-0980,pemetrexed,tivantinib-(arq-197)																		1													
cisplatin,pemetrexed,wt-1-vaccine																		1													
cisplatin,pemetrexed,tetrathiomolybdate																		1													
bevacizumab,carboplatin,cisplatin,dasatinib,doxorubicin,everolimus,imatinib,pemetrexed,temsirolimus																		1													
cisplatin,gemcitabine,pemetrexed,sutent																		1													
cisplatin,gemcitabine,pemetrexed																		1													
cisplatin,dasatinib,pemetrexed																		1													
cisplatin,-pemetrexed,dasatinib,vorinostat																		1													
[not-available],carboplatin,gemcitabine,pemetrexed																		1													
cediranib,dasatinib																		1													
cediranib,cisplatin,dasatinib,pemetrexed																		1													
carboplatin,cisplatin,everolimus,gemcitabine,pemetrexed,vinorelbine																		1													
carboplatin,gl-onc1,pemetrexed																		1													
tivantinib-(arq-197)																		1													
carboplatin,doxil,paclitaxel																			7										7	1	
carboplatin,doxil,gemcitabine,paclitaxel,topotecan																			6												
carboplatin,paciltaxel																			5												
carboplatin,cisplatin,doxil,paclitaxel,topotecan																			4												
carboplatin,paclitaxel,tamoxifen																			4												
cisplatin,docetaxel,paclitaxel																			3												
carbo,paclitaxel,topotecan																			3												
carboplatin,femara,paclitaxel																			3												
carboplatin,cisplatin,paciltaxel																			3												
carboplatin,doxil,paclitaxel,topotecan																			2										1		
carboplatin,liposomal-doxorubicin,paclitaxel																			2										1		
carboplatin,docetaxel,doxil,gemcitabine,paclitaxel,topotecan																			2												
carbo,paclitaxel																			2												
carboplatin,doxil,gemcitabine,paclitaxel																			2												
carboplatin,cisplatin,cytoxan,paclitaxel																			2												
carboplatin,cisplatin,doxil,gemcitabine,paclitaxel,topotecan																			2												
avastin,carboplatin,cisplatin,cytoxan,doxil,gemcitabine,paclitaxel,topotecan,vinorelbine																			2												
carboplatin,cisplatin,gemcitabine,paclitaxel																			2												
carboplatin,cytoxan																			2												
carboplatin,paclitaxel,topotecan																			2										1		
carboplatin,cytoxan,paclitaxel																			1												
carboplatin,docetaxel,letrozole,lupron																			1												
carboplatin,cisplatin,gemcitabine,ovarex-study,paclitaxel																			1												
carboplatin,cisplatin,gemcitabine,ifosfamide																			1												
carboplatin,docetaxel,oxaliplatin,paclitaxel																			1												
carboplatin,docetaxel,paciltaxel																			1												
carboplatin,docetaxel,gemcitabine,paclitaxel,tamoxifen																			1												
carboplatin,cisplatin,doxil,paclitaxel																			1												
carboplatin,cisplatin,doxil,mitomycin-c,paclitaxel,tamoxifen,topotecan																			1												
carboplatin,docetaxel,pacitaxel																			1												
carboplatin,cisplatin,doxil,gemcitabine,paclitaxel,toptecan																			1												
carboplatin,docetaxel,gemcitabine,paclitaxel,topotecan,vinorelbine																			1												
carboplatin,docetaxel,doxil,paclitaxel,topotecan																			1												
carboplatin,docetaxel,doxorubicin-hci-liiposomal,paclitaxel,topotecan-hcl																			1												
carboplatin,cytoxan,doxil,paclitaxel,topotecan,vinorelbine																			1												
carboplatin,docetaxel,doxil,paclitaxel																			1												
carboplatin,docetaxel,doxil,herceptin,irressa,paclitaxel,tamoxifen,topotecan																			1												
carboplatin,docetaxel,doxil,gemcitabine,patupilone,topotecan																			1												
carboplatin,cisplatin,gemcitibine,paclitaxel																			1												
carboplatin,cisplatin,gemicitabine,paciltaxel																			1												
carboplatin,cisplatin,paclitaxel,taxane																			1												
carboplatin,docetaxel,doxil,gemcitabine,paclitaxel,tamoxifen																			1												
carboplatin,docetaxel,doxil,gemcitabine,paclitaxel																			1												
carboplatin,docetaxel,doxil,gemcitabine,letrozole,paclitaxel																			1												
carboplatin,docetaxel,paclitaxel,topotecan,vinorelbine																			1												
carboplatin,docetaxel,doxil,femara,gemcitabine,oca-rex-oregovomab,paclitaxel																			1												
5f4-leucovorin,avastin,carboplatin,cisplatin,docetaxel,doxil,etoposide,gemcitabine,hexalen,paclitaxel,rbbx-01,topotecan,vinorelbine																			1												
carboplatin,docetaxel,tamoxifen																			1												
carboplatin,investigal-drug-avastin,paclitaxel																			1												
carboplatin,ovarex,ind,paclitaxel,xeloda																			1												
carboplatin,paciltaxal																			1												
carboplatin,paciltaxel,paciltaxle																			1												
carboplatin,paclitaxel,sns-595																			1												
carboplatin,paclitaxel,tamoxifen,toptecan																			1												
carboplatin,paclitaxel,topecan																			1												
carboplatin,paclitaxel,toptecan																			1												
carboplatin,paclitaxel,velcade																			1												
carboplatin-6th,hexalen,paclitaxel,topotecan																			1												
carbplatin,cisplatin,docetaxel,paclitaxel																			1												
ciplastin,docetaxel,paclitaxel																			1												
cisplatin,docetaxel,doxil,etoposide,paclitaxel																			1												
cisplatin,doxorubicin,paclitaxel																			1										3		
cisplatin,erbitux,paciltaxel																			1												
cisplatin,hexamethylmelamine,paclitaxel																			1												
cisplatin,ifostamide,paclitaxel,psc833,topotecan,vp16																			1												
cisplatin,paciltaxel																			1												
carboplatin,liposomal-doxorubicin																			1												
carboplatin,interferon-gamma,paclitaxel																			1												
carboplatin,doxil,etoposide,gemzet,paclitaxel,topotecan																			1												
carboplatin,hexalin,paclitaxel,tamoxifen																			1												
carboplatin,doxil,gemcitabine,paclitaxel,tamoxifen,topotecan																			1												
carboplatin,doxil,gemcitabine,paclitaxel,tamoxifen,topotecan,xeloda																			1												
carboplatin,doxil,gemcitabine,paclitaxel,topotecan,vinorelbine																			1												
carboplatin,cisplatin,doxil,gemcitabine,paclitaxel,topotecan,vinorelbine																			1												
carboplatin,doxil,gog182,paclitaxel,topotecan																			1												
carboplatin,doxil,paclitaxel,trabectedin																			1												
carboplatin,doxil,paclitaxel,xyotax																			1												
carboplatin,doxorubicin,gemcitabine,paclitaxel,topotecan,vinorelbine																			1												
carboplatin,doxorubicin,paclitaxel																			1										4		
carboplatin,doxorubicin,paclitaxel,topotecan																			1												
carboplatin,doxorubicin-hcl																			1												
carboplatin,etoposide,melphalan,paclitaxel																			1												
carboplatin,femara,paciltaxel																			1												
carboplatin,gemcitabine,liosomal-docorubicin,paciltaxel																			1												
carboplatin,gemcitabine-hci,paclitaxel,paclitaxel;-albumin-bount																			1												
carboplatin,gemcitibine,paclitaxel																			1												
carboplatin,doxil,gemcitibine,paclitaxel,topotecan																			1												
carboplatin,cisplatin,doxil,gemcitabine,hexalen,paclitaxel,topotecan,vinorelbine																			1												
carboplatin,cisplatin,doxil,gemcitabine,paclitaxel																			1												
avastin,carboplatin,cisplatin,docetaxel,doxil,gemcitabine,paclitaxel,patupilone,topotecan,vinorelbine																			1												
avastin,carboplatin,docetaxel,doxil,gemcitibine,paclitaxel,topotecan																			1												
avastin,carboplatin,docetaxel,doxil,paclitaxel																			1												
avastin,carboplatin,docetaxel,gemcitabine,paciltaxel																			1												
avastin,carboplatin,docetaxel,oxaliplatin																			1												
avastin,carboplatin,doxil,gemcitabine,paclitaxel,topotecan,vinorelbine																			1												
avastin,carboplatin,doxil,paclitaxel																			1												
avastin,carboplatin,doxorubicin,paclitaxel																			1												
avastin,carboplatin,gemcitabine,paclitaxel																			1												
azd-2281,carboplatin,cisplatin,megace,paciltaxel,tamoxifen																			1												
bevacizamab,placebo,carboplatin,paclitaxel																			1												
bevacizumab,carboplatin,cep-11981,docetaxel,doxorubincin-hcl,gemcitabine-hcl,oxaliplatin,paclitaxel,topotecan																			1												
bevacizumab,carboplatin,cisplatin,cytoxen,doxetaxel,doxil,paclitaxel,tamoxifen,topotecan,vinorelbine																			1												
bevacizumab,carboplatin,cyclophosphamide,doxorubicin-hcl,gemcitabine,paclitaxel																			1												
bevacizumab,carboplatin,cytoxan,doxil,gemcitabine,paclitaxel,xyotax																			1												
bevacizumab,carboplatin,docetaxel,doxorubicin,gemcitabine,paclitaxel,topotecan-hcl																			1												
bevacizumab,carboplatin,docetaxel,doxorubicin-hcl,gemcitabine,paclitaxel																			1												
bevacizumab,carboplatin,docetaxel,paclitaxel																			1												
bevacizumab,carboplatin,doxil,gemcitabine-hcl,paclitaxel																			1												
bevacizumab,carboplatin,gemcitabine,paclitaxel																			1												
avastin,carboplatin,cisplatin,gamzar,paclitaxel																			1												
avastin,carboplatin,cisplatin,cytoxan,megace,paclitaxel,provera																			1												
carboplatin,cisplatin,doxil,gemcitabine,ovarex,placebo,paclitaxel,topotecan																			1												
avastin,carboplatin,ccdp,docetaxel,oxaliplatin,paclitaxel																			1												
[not-available],carboplatin																			1												
[not-available],carboplatin,cisplatin,docetaxel,doxil,gemcitabine,paclitaxel,topotecan																			1												
[not-available],carboplatin,cisplatin,gemcitabine,paclitaxel,tamoxifen,topotecan,vamydex																			1												
[not-available],carboplatin,doxil,paclitaxel																			1												
[not-available],gog-218																			1												
a202171-protocol,carboplatin,paclitaxel																			1												
abagovomab-vs-placebo,carboplatin,cisplatin,paciltaxel																			1												
altima,avastin,carboplatin,catumaxumab,cytoxin,doxil,gemcitabine,paclitaxel,topotecan																			1												
amgen-706,bevacizumab,carboplatin,cytoxan,docetaxel,doxorubicin-hcl-liposomal--doxil,gemcitabine,paclitaxel,tamoxifen																			1												
amitostin,carboplatin,cisplatin,doxil,gemcitabine,hexamethymelamine,ovarex,placebo,paclitaxel,topotecan,vinorelbine																			1												
amitostin,carboplatin,doxil,etopside,gemcitabine,paclitaxel,topotecan,xeloda																			1												
amitostine,carboplatin,cisplatin,doxil,gomzar,paclitaxel,topotecan																			1												
amitostine,carboplatin,doxil,paclitaxel,topotecan																			1												
arimidex,carboplatin,doxil,gemcitabine,paclitaxel,tamoxifen																			1												
armidex,avastin,carboplatin,cisplatin,docetaxel,doxil,gemcitabine,paclitaxel,topotecan,toptecan																			1												
armidex,carboplatin,docetaxel,doxil,gemcitabine,paclitaxel,topotecan,vp-16																			1												
aromasin,avastin,carboplatin,cisplatin,faslodex,fuluestrant,gemcitibine,paclitaxel,tamoxifen																			1												
avastin,bevacizumab,placebo,carboplatin,paclitaxel																			1												
avastin,carboplatin,carbplatin,cisplatin,docetaxel,doxil,doxorubicin,gemcitabine,paclitaxel																			1												
bevacizumab,carboplatin,paclitaxel																			1										1		
bevacizumab,cisplatin,paclitaxel																			1												
bevacizumab,cisplatin,paclitaxel,tamoxifen																			1												
bevacizumab,docetaxel,oxaliplatin																			1												
carboplatin,cisplatin,docetaxel																			1												
carboplatin,cisplatin,docetaxel,doxil,etoposide-(vp16),gemcitabine,ifosfamide,paclitaxel,rhumab,ind,topotecan																			1												
carboplatin,cisplatin,docetaxel,doxil,gemcitabine																			1												
carboplatin,cisplatin,docetaxel,doxil,gemcitabine,paclitaxel,topotecan																			1												
carboplatin,cisplatin,docetaxel,doxil,gemcitabine,paclitaxel,topotecan,carboplatin																			1												
carboplatin,cisplatin,docetaxel,doxil,gemzan,paclitaxel,toptecan,vp16,xeloda																			1												
carboplatin,cisplatin,docetaxel,doxil,oxaliplatin,paclitaxel,tamoxifen																			1												
carboplatin,cisplatin,docetaxel,doxil,paclitaxel																			1												
carboplatin,cisplatin,docetaxel,doxorubicin,gemcitabine,paclitaxel																			1												
carboplatin,cisplatin,docetaxel,doxorubicin,gemcitabine,paclitaxel,topotecan																			1												
carboplatin,cisplatin,docetaxel,etoposide,gemcitibine,paclitaxel,toptecan																			1												
carboplatin,cisplatin,docetaxel,gemcitabine																			1												
carboplatin,cisplatin,docetaxel,gemcitabine,paclitaxel																			1												
carboplatin,cisplatin,docetaxel,paciltaxel																			1												
carboplatin,cisplatin,docetaxel,paclitaxel,tamoxifen																			1												
carboplatin,cisplatin,doxetaxel,pacliatxel																			1												
carboplatin,cisplatin,doxil,gemar,paclitaxel,topotecan																			1												
carboplatin,cisplatin,doxil,gemcitabine,hexalen,hexalin,il-12,paclitaxel,vp-16																			1												
90y-hu3s193,carboplatin,paclitaxel																			1												
carboplatin,cisplatin,cytoxan,doxil,megace-(oral),paclitaxel,topotecan																			1												
carboplatin,cisplatin,cytoxan,doxil,gemcitabine,paclitaxel,topotecan,vinorelbine																			1												
carboplatin,cisplatin,cytoxan,docetaxel,etoposide,hexalen,oral-etoposide,paclitaxel,topotecan																			1												
carbo,doxil,paclitaxel,topotecan																			1												
bevacizumab-or-placebo,carboplatin,doxorubicin,gemcitabine,paciltaxel																			1												
bevacizumab-or-placebo,carboplatin,paclitaxel																			1												
bevacizumiab,-versus-placebo,carboplatin,paclitaxel																			1												
carbo,cisplatin,paclitaxel																			1												
carbo,cytoxan,paclitaxel,topotecan																			1												
carbo,docetaxel,doxil,gemcitabine,paclitaxel,topotecan																			1												
carbo,doxil,paclitaxel																			1												
carbo,doxil,paclitaxel,topetecan																			1												
carbo,gemcitabine,paclitaxel																			1												
carboplatin,cisplatin,cyclophosphamide,paclitaxel																			1												
carbo,gemcitabine,paclitaxel,topotecan																			1												
carbo,paclitaxel,topetecan																			1												
carbobplatin,cisplatin,paclitaxel																			1												
carbopaltin,paclitaxel																			1												
carboplatin,carboplatin-#1,cisplatin-#2-7,cytoxan,gemcitabine,hexalen,paclitaxel,topotecan,vinorelbine																			1												
carboplatin,carbplatin,doxil,gemcitabine,il-2,paclitaxel,tamoxifen,topotecan																			1												
carboplatin,cisplatin,ct2103-taxane-analog,doxorubicin-hcl-liposomal,gemcitabine,paclitaxel,tamoxifen,topotecan																			1												
carboplatin,cisplatin,cyclophosphamide,docetaxel,gemcitabine,paclitaxel,topotecan																			1												
cisplatin,paclitaxel,topotecan																			1												
5-fluorouracil,gemcitabine																				8											
gemcitabine,xeloda																				5											
5-fluorouracil,gemcitabine,oxaliplatin																				2											
5-fluorouracil,gemcitabine,irinotecan,leucovorin,oxaliplatin,paclitaxel																				2											
5-fluorouracil,gemcitabine,irinotecan,leucovorin,oxaliplatin																				2											
5-fluorouracil,gemcitabine,leucovorin,oxaliplatin																				2											
5-fluorouracil,gemcitabine,leucovorin,oxaliplatin,paclitaxel,xeloda																				1											
5-fluorouracil,irinotecan,oxaliplatin																				1											
fu7,gemcitabine,leucovorin																				1											
gemcitabine,oxaliplatin																				1											
5-fluorouracil,gemcitabine-hcl,paclitaxel																				1											
gemcitabine,paclitaxel																				1											
capecitabine,docetaxel,gemcitabine																				1											
5-fluorouracil,gemcitabine,irinotecan-hydrochloride,leucovorin-calcium,oxaliplatin																				1											
5-fluorouracil,[not-available],gemcitabine																				1											
5-fluorouracil,gemcitabine,irinotecan,leucovorin,oxaliplatin,xeloda																				1											
5-fluorouracil,gemcitabine,irinotecan,leucovorin																				1											
5-fluorouracil,folinic-acid,gemcitabine,irinotecan-hydrochloride,oxaliplatin																				1											
5-fluorouracil,folinic-acid,gemcitabine,irinotecan,oxaliplatin																				1											
5-fluorouracil,dexamethasone,gemcitabine,megace,oxaliplatin																				1											
5-fluorouracil,cisplatin,gemcitabine																				1											
5-fluorouracil,carboplatin,gemcitabine,leucovorin,oxaliplatin																				1											
5-fluorouracil,capecitabine,gemcitabine,oxaliplatin																				1											
5-fluorouracil,capecitabine,gemcitabine,irinotecan,oxaliplatin																				1											
5-fluorouracil,capecitabine,gemcitabine																				1											
5-fluorouracil,camptosar,eloxatin,gemcitabine,leucovorin																				1											
5-fluorouracil,[unknown],gemcitibine,irinotecan,leucovorin,oxaliplatin																				1											
gemcitabine-injection																				1											
lupron																					12										
eligard																					6										
casodex,lupron																					6										
lhrh-agonist																					3										
leuprolide																					3										
casodex,zoladex																					3										
casodex,eligard																					2										
leuprorelin																					2										
casodex,eligard,lupron																					2										
casodex,trelstar																					2										
abiraterone,leuprolide-acetate																					2										
casodex,docetaxel,lupron																					1										
goserelin																					1										
trenantone																					1										
lupron,zoladex																					1										
"lhrh-agonist-and-anti-androgens-""combined-androgen-blockade"""																					1										
bicalutamid																					1										
leuprorelin,triptorelin																					1										
bicalutamide																					1										
leuprolide-acetate,lupron																					1										
leuprolide-acetate																					1										
leuprolide,leuprolide-acetate																					1										
bicalutamide,leuprorelin,zoledronic-acid																					1										
casodex,goserelin																					1										
firmagon																					1										
bicalutamide,lupron																					1										
degarelix,docetaxel,jevtana,lupron																					1										
cabazitaxel,casodex,docetaxel,zoladex																					1										
abiraterone,leuprolide,lupron																					1										
casodex,lupron,nilutamide																					1										
casodex																					1										
casodex,luprolide-depot,lupron																					1										
casodex,leuprolide-acetate																					1										
casodex,leuprolide																					1										
casodex,ketoconazole,lupron																					1										
abiraterone,cabazitaxel,carboplatin,leuprolide-acetate																					1										
mayo-425-20																						2									
5-fluorouracil,folinic-acid,irinotecan,oxaliplatin																						2									
[unknown],zoledronic-acid																						1									
oxaliplatin,xeloda																						1			1						
folinic-acid																						1									
capecitabine--xeloda																						1									
bevacizumab,capecitabine,oxaliplatin																						1									
bevacizumab,capecitabine,irinotecan																						1									
bevacizumab,capecitabine																						1									
bevacizumab																						1									
5-fluorouracil,bevacizumab,folinic-acid																						1									
5-fluorouracil,oxaliplatin,polyplatillen																						1									
5-fluorouracil,aflibercept,-placebo-study,avastin,bevacizumab,camptosar,fudr-(floxuridine),irinotecan,leucovorin,oxaliplatin																						1									
5-fluorouracil,avastin,leucovorin,oxaliplatin,xeloda																						1									
5-fluorouracil,bevacizumab,capecitabine,gemcitabine,irinotecan,leucovorin,mitomycin,oxaliplatin																						1									
5-fluorouracil,etoposide,leucovorin,xeloda																						1									
5-fluorouracil,bevacizumab,irinotecan-hcl,leucovorin,oxaliplatin																						1									
5-fluorouracil,leuocvorin,oxaliplatin																						1									
adriamycin																							5								
doxil																							3								
doxorubicin																							3				2				
adriamycin,docetaxel,gemcitabine,ifosfamide																							2								
ifosfamide																							2							1	
adriamycin,ifosfamide																							2								
docetaxel,gemcitabine,pazopanib																							2								
docetaxel,gemcitabine,pd-0332991																							2								
docetaxel,doxorubicin,gemcitabine																							1								
docetaxel,doxorubicin,gemcitabine,ifosfamide																							1								
docetaxel,gemcitabine,liposomal-doxorubicin																							1								
[not-available],bevacizumab,doxetaxel,gemcitabine,trabectedin,valproic-acid																							1								
doxil,everolimus,gemcitabine,pazopanib,r1507																							1								
dacarbazine,docetaxel,doxorubicin,et-743,gemcitabine,pazopanib																							1								
doxil,gemcitabine																							1								
doxil,ifosfamide																							1								
doxirubicin,gemcitabine																							1								
doxorubicin,gleevec,raloxifene,sorafenib,sulindac,tamoxifen																							1								
ifosfamide,pd-0332991																							1								
megace,tamoxifen																							1						1		
dacarbazine,docetaxel,doxil,doxorubicin,gemcitabine,ifosfamide,pazopanib																							1								
adriamycin,docetaxel,femara,gemcitabine																							1								
adriamycin,ap-23573-(ariad),dacarbazine-(dtic),docetaxel,enoticumab,et-743,ezn-2968,gemcitabine,pemetrexed,threshold-302																							1								
adriamycin,carboplatin,docetaxel,gemcitabine,ifosfamide																							1								
adriamycin,dacarbazine,docetaxel,gemcitabine																							1								
adriamycin,dacarbazine,docetaxel,gemcitabine,ifosfamide,pazopanib,trabectedin																							1								
adriamycin,dacarbazine,ifosfamide																							1								
adriamycin,docetaxel,doxil,gemcitabine,ifosfamide																							1								
adriamycin,docetaxel,dtic,-dacarbazine,gemcitabine,pazopanib																							1								
adriamycin,docetaxel,gemcitabine																							1								
cisplatin,dacarbazine,doxil,ifosfamide,sorafenib,vorinostat																							1								
adriamycin,docetaxel,gemcitabine,ifosfamide,letrozole																							1								
adriamycin,docetaxel,gemcitabine,ifosfamide,temodar																							1								
adriamycin,doxil,ifosfamide																							1								
adriamycin,etoposide,ifosfamide																							1								
adriamycin,ifosfamide,mesna																							1								
avastin,everolimus,tivozanib																							1								
mln8237,morab-004																							1								
carboplatin,dacarbazine																								2							
dacarbazine																								2							
dacarbazine,vincristine																								2							
aflibercept,il-2,ipilimumab																								1							
alferon,cisplatin,dacarbazine,temodal																								1							
carboplatin,cisplatin,dacarbazine,laferon,temodar																								1							
carboplatin,dacarbazine,laferon																								1							
carboplatin,ipilimumab,paclitaxel,pembrolizumab																								1							
ciclosporin,cisplatin,dacarbazine,dexamethasone,erythropoietin,renamin,vinblastine,zofran																								1							
dabrafenib,trametinib																								1							
fareston,lomustine																								1							
lomustine																								1							
5-fluorouracil,etoposide,leucovorin																									9						
capecitabine,cisplatin,epirubicin																									5						
5-flourouracil,cisplatin,epirubicin																									5						
5-fluorouracil,cisplatin,folinic-acid																									4						
doxifluridine																									4						
copolang,didox																									3						
ts-1																									2						
dexamethasone,epirubicin,oxaliplatin,xeloda																									2						
plfe																									1						
unkown																									1						
carboplatin,taxel																									1						
cddp,paclitaxel																									1						
cisplatin,ts-1,xeloda																									1						
plfe,flo																									1						
copolang,doxifluridine,eloxatin,micomycin,xeloda																									1						
copolang,doxifluridine,mitomycin																									1						
epirubicin,oxaliplatin,xeloda																									1						
copolang-caps,doxifluridine,mitomycin-c																									1						
cyclophosphane,dacarbazine,doxorubicin,vincristine																									1						
capecytabinum,cisplatin,epirubicinum																									1						
didox																									1						
doxifluridin																									1						
eloxatin(oxaliplatin),ts-1,xeloda(capecitabine)																									1						
epirubicin,halaven,medrol,oxaliplatin																									1						
epirubicin,oxaliplatin,paclitaxel,xeloda																									1						
5-flourouracil,cisplatin,docetaxel																									1						
capecitabine,flc																									1						
5-fluorouracil,cisplatin,docetaxel,folinic-acid,mitomycin																									1						
5-fluorouracil,calcium-foliatum,cisplatin,epirubicinum																									1						
5-fluorouracil,camptosar,methotrexate																									1						
5-fluorouracil,capecitabine,cisplatin,folinic-acid																									1						
5-fluorouracil,capecitabine,epirubicin,leucovorin,oxaliplatin																									1						
5-fluorouracil,capecitabine,oxaliplatin																									1						
5-fluorouracil,capecytabinum,cisplatin,dexamethasone-phosphate,docetaxelum,epirubicin,oxaliplatin																									1						
5-fluorouracil,capecytabinum,epirubicinum,oxaliplatinum																									1						
5-fluorouracil,carboplatin,cisplatin,leucovorin																									1						
5-fluorouracil,carboplatin,etoposide																									1						
5-fluorouracil,carboplatin,etoposide,leucovorin																									1						
5-fluorouracil,cisplatin,docetaxel,leucovorin																									1						
capecitabine,cisplatin,paclitaxel																									1						
5-fluorouracil,cisplatin,doxorubicin																									1						
5-fluorouracil,cisplatin,epirubicin,leucovorin																									1						
5-fluorouracil,cisplatin,etoposide,leucovorin																									1						
5-fluorouracil,cisplatin,etoposide,leucovorin,polyplatillen																									1						
5-fluorouracil,docetaxel,erbitux,folinic-acid,oxaliplatin																									1						
5-fluorouracil,etoposide,leucovorin,oxaliplatin																									1						
5-fluorouracil,etoposide-phosphate,leucovorin																									1						
5-fluorouracil,leucovorin,oxaloplatin																									1						
5-fluorouracil,leucovorin,polyplatillen																									1						
5-fluorouracil,leucovorin,xeloda																									1						
5-fluorouracil,leucovorin,vp-16																									1						
bleomycin,cisplatin,etoposide																										46					
bleomycin																										3					
bleomycin,cisplatin,etoposid																										1					
bleomycin,cisplatin,gemox,ifosfamide																										1					
bleomycin,etoposide,ifosfamide,paclitaxel,platinum																										1					
bleomycin,etoposide,platinum																										1					
cisplatin,etoposide,ifosfamid																										1					
synthroid																											13				
levothyroxine																											12				
cytomel,synthroid																											5				
cytomel,levothyroxine																											4				
cytomel,levoxyl																											2				
levoxyl																											2				
armour-thyroid																											1				
cytomel																											1				
cytomel,levothroid,synthroid																											1				
azathioprine																												2			
cisplatin,cyclophosphamide,doxorubicin,pemetrexed																												1			
megace																													9		
carboplatin-&-paclitaxel																													3		
adriamycin,cisplatin,paclitaxel																													2		
carboplatin-and-paclitaxel																													2		
adriamycin,carboplatin,cisplatin,paclitaxel																													2		
carboplatin,paclitaxel,bevacizumab,doxil-&-carboplatin																													1		
carboplatin,paclitaxel,zometa																													1		
adriamycin,avastin,carboplatin,cisplatin,fulvestrant,gemcitabine,paclitaxel																													1		
carboplatin-&-paclitaxel,vegf-trap																													1		
carboplatin,megace,paclitaxel																													1		
cisplatin,cyclophosphamide,doxorubicin																													1		
cisplatin,doxorubicin																													1		
doxorubicin,paclitaxel																													1		
letrozole-femara																													1		
portec3-radiation-alone																													1		
carboplatin,megace,paclitaxel,tamoxifen																													1		
carboplatin,doxorubicin,paclitaxel,temsirolimus																													1		
bevacizumab,carboplatin,ixabepilone																													1		
adriamycin,carboplatin,docetaxel																													1		
adriamycin,carboplatin,paclitaxel,topotecan																													1		
adriamycin,paclitaxel,tamoxifen-&-megace																													1		
arimidex,carboplatin																													1		
azd6244,carboplatin,paclitaxel																													1		
bevacizumab,carboplatin,gemcitabine,ixabepilone,paclitaxel,topotecan																													1		
brivanib,carboplatin,doxorubicin,gemcitabine,paclitaxel,tivozanib																													1		
carboplatin,clinical-trial-study-agent,paclitaxel																													1		
adriamycin,carboplatin,cisplatin,neulasta,paclitaxel																													1		
carboplatin,doxorubicin-hcl-liposomal,paclitaxel,topotecan-hcl																													1		
carboplatin,gemcitabine,ixabepilone,paclitaxel																													1		
cisplatin,ifosfamide																														2	
adriamycin,cisplatin,cyclophosphamide																														1	
adriamycin,cisplatin,cytoxan,ifosfamide,mesna,paclitaxel																														1	
carboplatin,cisplatin,ifosfamide,mesna,paclitaxel																														1	
carboplatin,ifosfamide,paclitaxel																														1	
ifex,mesna,paclitaxel																														1	
ifosfamide,paclitaxel																														1	
fotemustine																															4
